{
    "loss": 0.7424846887588501,
    "compile_metrics": 0.8279192447662354
}