{
    "loss": 0.5072711110115051,
    "compile_metrics": 0.8099209666252136
}