{
    "loss": 0.9792547821998596,
    "compile_metrics": 0.7967515587806702
}