{
    "loss": 0.8989340662956238,
    "compile_metrics": 0.8134328126907349
}